Product,Labor Time (Approx.),Reasonable Price (Authentic),Why this price?
Kondapalli Toys,15 – 25 Hours,"₹1,200 – ₹3,500","Carved from Tella Poniki (softwood) and hand-painted. Prices vary by set size (e.g., a ""Marriage Set"" vs. a single figurine)."
Uppada Silk Saree,150 – 400 Hours,"₹15,000 – ₹1,20,000",Uses the Jamdani weaving technique. A bridal saree with pure zari can take up to 2 months of non-stop hand-weaving.
Temple Jewellery,40 – 120 Hours,"₹18,000 – ₹85,000",Hand-crafted silver with 24k gold leaf plating (Kemp work). Complex bridal sets require weeks of intricate metalwork.
Kalamkari Textile,60 – 80 Hours,"₹3,500 – ₹15,000",Srikalahasti style involves 23 steps of natural dyeing and hand-painting with a bamboo pen (kalam) on cotton or silk.
Etikoppaka Toys,8 – 12 Hours,"₹400 – ₹2,500",Made from Ankudu wood and finished on a lathe with natural lacquer made from seeds and tree resins.
Folk Scrolls (Cheriyal),40 – 100 Hours,"₹8,000 – ₹45,000",Hand-ground natural pigments on khadi canvas. A full narrative scroll depicting an epic can take several weeks.
Arunachal Pradesh,,,
Product,Labor Time (Approx.),Reasonable Price (Authentic),Why this price?
Bamboo Furniture,40 – 60 Hours,"₹8,500 – ₹15,000","Includes deep-forest harvesting and ""curing"" (smoking/soaking) to make it termite-proof and water-strong."
Tribal Wrap (Gale),120 – 180 Hours,"₹4,500 – ₹8,000","Woven on a ""Loin Loom"" (Backstrap loom). Each tribal motif is a ""secret code"" passed down through memory."
Wancho Bead Jewelry,12 – 24 Hours,"₹2,100 – ₹3,500","Recently GI-tagged. Authentic pieces use specific color codes (red, blue, orange) to signify bravery and status."
Handwoven Textile,150 – 250 Hours,"₹5,000 – ₹12,000",These are high-density weaves. Some ceremonial shawls take nearly 2 months of part-time weaving to complete.
Wooden Masks,50 – 80 Hours,"₹5,500 – ₹10,000","Carved from Puma or Zokhu wood. Includes multiple layers of natural paint and manual chiseling for ""life-like"" detail."
Traditional Baskets,30 – 45 Hours,"₹2,800 – ₹4,500",Woven with double-layered cane. The weave is so tight it creates surface tension that can briefly hold water.
,,,
Assam,,,
Product,Labor Time (Approx.),Reasonable Price (Authentic),Why this price?
Jaapi Hat (Fulam),12 – 18 Hours,"₹1,800","Hand-knit from Tokou (palm) leaves and bamboo. Decorative versions (Fulam) require intricate velvet, wool, and sequin work."
Muga Silk Saree,150 – 200 Hours,"₹45,000 – ₹90,000",Exclusive to Assam. Price includes 2+ months of rearing rare golden silkworms. Hand-weaving a full saree takes 15–20 focused days.
Bamboo Jewellery,4 – 8 Hours,"₹1,200 (Set)","Artisans must select 3-year-old ""mature"" bamboo, boil it to prevent cracks, and hand-carve it into lightweight, durable motifs."
Mekhela Chador,60 – 100 Hours,"₹12,500 – ₹25,000","A two-piece set (skirt and wrap). Hand-weaving authentic motifs on a Taat Xaal (pit loom) is labor-intensive; sunlight ""shining through"" refers to the high thread count."
Majuli Masks,40 – 120 Hours,"₹8,500 (Medium)","Made using a bamboo frame, clay, and cow dung layers. Each mask must dry naturally between coats before being painted with organic pigments."
Bell Metal Crafts,24 – 40 Hours,"₹2,800 (per kg)",Made by Sarthebari artisans using an alloy of copper and tin. It involves manual hammering and heating—never machine-cast.
Bihar,,,
Product,Labor Time (Approx.),Reasonable Price (Authentic),Why this price?
Madhubani Painting,30 – 120 Hours,"₹6,500 – ₹25,000","Painted with twigs and nibs using natural dyes (cow dung base, rice paste). Prices soar for ""Kachni"" (fine line) work vs ""Bharni"" (filled colors)."
Tussar Silk Saree,120 – 180 Hours,"₹8,500 – ₹35,000","Sourced from wild silkworms in Bhagalpur. Includes boiling, hand-spinning, and hand-weaving. Real ""Peace Silk"" (non-violent) carries a premium."
Sikki Grass Crafts,10 – 40 Hours,"₹1,500 – ₹6,000",Golden grass found in marshes is harvested and dyed. Boxes and dolls are woven so tightly they become sturdy structural items that last decades.
Lac Bangles,4 – 10 Hours,"₹450 – ₹1,200 (Set)","Muzaffarpur is the hub. Natural resin is heated on a furnace, colored with stone dyes, and hand-molded. Intricate ""Kundan"" inlay sets are pricier."
Manjusha Art,20 – 60 Hours,"₹3,500 – ₹12,000","One of the world’s oldest scroll arts using only three colors (pink, green, yellow). Often painted on Jute/Silk boxes or handmade paper."
Mud Clay Toys,6 – 12 Hours,"₹350 – ₹1,500","Unlike kiln-fired terracotta, these ""Mitti"" toys are often sun-dried and painted with organic colors, safe for children and eco-friendly."
Chhattisgarh,,,
Product,Labor Time (Approx.),Reasonable Price (Authentic),Why this price?
Dhokra Metal Craft,40 – 72 Hours,"₹5,500 (10-12"" Figurine)","Uses the lost-wax technique. Since the clay mold must be broken to reveal the metal, every piece is a unique original that can never be replicated exactly."
Kosa Silk Saree,120 – 180 Hours,"₹16,500 – ₹25,000",Sourced from wild silkworms (Antheraea mylitta). The price reflects the rarity of the cocoons and the 10–15 days of painstaking hand-weaving on pit looms.
Wooden Tribal Masks,30 – 50 Hours,"₹4,800 – ₹8,500","Carved from Teak or Shisham. Artisans use manual chisels to bring ""life"" to the wood, depicting gods and spirits with details that machine-carving cannot mimic."
Wrought Iron Craft,12 – 20 Hours,"₹1,800 – ₹3,500","Known as Loha Shilp. Blacksmiths from the Agaria community manually heat and beat scrap iron into slender, elegant tribal forms without using any joints or welding."
Bamboo Utility Items,15 – 30 Hours,"₹800 – ₹2,200","Includes harvesting ""mature"" bamboo and hand-splitting it into thin strips. The ""precision"" comes from the tight weave used in traditional winnowing fans and baskets."
Terracotta Jewellery,10 – 15 Hours,"₹500 – ₹1,500 (Set)","Each bead is hand-rolled from fine clay, etched with a needle, sun-dried, kiln-fired, and then hand-painted with earthy natural pigments."
,,,
Goa,,,
Product,Labor Time (Approx.),Reasonable Price (Authentic),Why this price?
Coconut Shell Crafts,6 – 10 Hours,"₹850 – ₹2,500","Involves removing fiber, sanding to a mirror finish, and seasoning with oils. Complex lamps with ""Jaali"" (perforated) work take more time."
Kunbi Saree,40 – 60 Hours,"₹3,250 – ₹4,800",A traditional cotton weave with red/white checks. A skilled weaver takes about 5 days to complete one saree on a handloom.
Shell Jewellery,4 – 12 Hours,"₹500 – ₹1,800","Sourcing authentic local shells, cleaning, polishing, and delicate drilling/stringing. Price varies by the rarity of the shells used."
Azulejos Tile Art,5 – 15 Hours,"₹270 – ₹3,500","Hand-painted on ceramic and baked. Small 6x6 tiles are affordable, but large custom nameplates or Mario Miranda murals are premium."
Wooden Christian Icons,20 – 50 Hours,"₹3,500 – ₹12,000","Carved from seasoned wood (often Teak). Each figure is hand-chiseled and painted, reflecting the unique Goan-Baroque aesthetic."
Handcrafted Lamps,15 – 30 Hours,"₹2,500 – ₹7,500",Made from brass or copper. Involves manual metal beating and intricate cut-work designs that cast geometric shadows.
,,,
Gujarat,,,
Product,Labor Time (Approx.),Reasonable Price (Authentic),Why this price?
Patan Patola Saree,"1,500 – 3,000 Hours","₹1,50,000 – ₹7,00,000","A ""Double Ikat"" masterpiece. Both warp and weft are dyed before weaving. Complex designs can take up to 2 years. It is an heirloom investment."
Bandhani Textile,40 – 120 Hours,"₹5,000 – ₹45,000","Price depends on the number of ""Bundi"" (knots). A high-end Jhankaar or Gharchola with 10,000+ tiny hand-tied knots justifies the premium."
Kutch Embroidery,60 – 200 Hours,"₹4,500 – ₹45,000","Includes various styles (Ahir, Mutwa, Rabari). Pricing is based on the density of silk thread work and real glass mirror integration."
Rogan Art Painting,20 – 60 Hours,"₹3,500 – ₹15,000",Castor oil is boiled for 2 days to create a paste. Only one family in Nirona still practices the original technique. Price reflects this extreme rarity.
Silver Tribal Jewellery,20 – 40 Hours,"₹8,000 – ₹50,000+","Heavy 92.5 silver pieces (Kadas, necklaces). Priced by silver weight + ""making charges"" (approx. ₹150–₹300 per gram of labor)."
Lacquered Toys,6 – 12 Hours,"₹450 – ₹2,500","Made in Idar or Kutch. Wood is turned on a lathe and colored with natural shellac. They are lead-free, non-toxic, and incredibly durable."
,,,
Haryana,,,
Product,Labor Time (Approx.),Reasonable Price (Authentic),Why this price?
Phulkari Embroidery,120 – 300 Hours,"₹4,500 – ₹18,000","""Phulkari"" (Flower work) uses silk thread on hand-spun cotton. The price depends on whether it is a ""Bagh"" (fully covered shawl) or a smaller stole."
Jhajjar Pottery,12 – 24 Hours,"₹350 – ₹1,200","Famous for its long-neck Surahis and Matkas. The porous clay from the Aravalli foothills is the ""secret"" to keeping water chilled naturally."
Handwoven Durries,40 – 80 Hours,"₹1,200 – ₹4,500","Panipat is the ""City of Weavers."" Authentic hand-loomed durries are thicker and heavier than factory mats, making them nearly indestructible."
Brass Utensils,20 – 40 Hours,"₹850 – ₹1,100 / kg","Rewari is India’s brass hub. Priced by weight plus ""making charges."" Hammered brass is preferred for health as it is non-reactive when tinned."
Wooden Toys,6 – 15 Hours,"₹250 – ₹1,500","Made from local Sheesham or Mango wood. The 2026 market values these as ""Montessori"" style eco-toys because they are lead-free and natural."
Traditional Bangles,4 – 8 Hours,₹150 – ₹650 (Set),Often made of Lac (natural resin) or glass. Mahendragarh is famous for these; they are hand-molded over heat and encrusted with stones.
,,,
Himachal Pradesh,,,
Product,Labor Time (Approx.),Reasonable Price (Authentic),Why this price?
Kullu Shawls,40 – 80 Hours,"₹1,500 – ₹15,000","Woven on handlooms with signature geometric borders. Pure wool starts at ~₹1,500, while Angora or Pashmina blends reach ₹15,000+."
Chamba Rumal,150 – 500 Hours,"₹16,000 – ₹90,000","Known as ""needle miniature painting."" The Do-rukha (double-sided) stitch ensures the design looks identical on both sides with no visible knots."
Silver Jewelry,15 – 30 Hours,"₹3,500 – ₹25,000","Designs like Chak, Kach, and Chandraseni are hand-chased. Price is Silver Market Rate (approx. ₹285/10g) + 20-30% making charges."
Wooden Temple Crafts,50 – 200 Hours,"₹8,000 – ₹55,000","Replicates the Kath-Kuni (wood-and-stone) architecture. Carved from seasoned Cedar (Deodar) or Teak, often featuring complex floral and deity motifs."
Woolen Caps (Kullu/Kinnauri),8 – 12 Hours,₹250 – ₹850,"The colorful ""Patti"" (border) is woven separately on a small loom and then stitched onto the hand-knitted woolen base."
Metal Prayer Items,12 – 25 Hours,"₹1,500 – ₹4,500 (Set)","Beaten brass and copper items like Lota, Panchmukhi Diya, and ritual bells. Hand-hammering gives them a unique, durable texture."
,,,
Jharkhand,,,
Product,Labor Time (Approx.),Reasonable Price (Authentic),Why this price?
Sohrai Painting,20 – 60 Hours,"₹1,500 – ₹12,000","Traditionally painted on mud walls using chewed twigs and natural earth colors (black, red, white, yellow). Modern canvas versions vary by the detail of the animal motifs."
Tussar Silk Saree,80 – 140 Hours,"₹5,500 – ₹15,000","Jharkhand is the largest producer of Tussar (Wild Silk) in India. The price reflects the manual ""reeling"" of silk and the characteristic coarse, golden texture."
Bamboo Crafts,10 – 30 Hours,"₹450 – ₹3,500","Artisans from the Mahli tribe are experts. From simple baskets to complex ""lattice"" lamps, the price covers the harvesting and intricate splitting of forest bamboo."
Wooden Animal Toys,8 – 15 Hours,"₹150 – ₹1,200","Usually carved from Gambhar or Teak wood. These depict local wildlife like elephants and tigers with a minimalist, rugged charm unique to Jharkhand."
Tribal Bead Jewelry,6 – 12 Hours,"₹500 – ₹5,000",Traditional Santhal and Munda jewelry. Prices range from simple glass/seed bead strings to heavy silver/brass alloy sets used in tribal dances.
Clay Diyas,2 – 5 Hours,₹10 – ₹500,"Hand-modeled by the Kumhar community. While basic diyas are cheap, the larger ""Terracotta"" designer lamps require more firing time and artistry."
,,,
,,,
Karnataka,,,
Product,Labor Time (Approx.),Reasonable Price (Authentic),Why this price?
Mysore Silk Saree,40 – 80 Hours,"₹23,000 – ₹2,50,000",Uses 100% pure silk and real gold-plated silver zari. The price is dictated by the zari weight (grams) and the complex hand-weaving.
Channapatna Toys,5 – 12 Hours,"₹350 – ₹1,800",Made from Hale Mara (Ivory wood). Each piece is turned on a lathe and polished with vegetable dyes and palm leaves for a non-toxic shine.
Sandalwood Carvings,100 – 400 Hours,"₹15,000 – ₹1,50,000+","Sandalwood is expensive (approx. ₹12,000 - ₹26,000 per kg). The labor involves surgical-level precision to carve ""jali"" (mesh) work."
Ilkal Saree,30 – 50 Hours,"₹3,500 – ₹12,000","Features the Tope Teni technique, where the body and the silk pallu are joined by a series of hand-tied loops (knots)."
Bidriware Jewellery,12 – 24 Hours,"₹1,200 – ₹4,500","A unique alloy of zinc and copper blackened with Bidar Fort soil, then inlaid with pure silver wires in floral patterns."
Lambani Embroidery,60 – 150 Hours,"₹4,500 – ₹25,000","Created by the nomadic Banjara women. Includes a ""quilt-like"" density of 14 different stitches mixed with beads, mirrors, and shells."
,,,
Kerala,,,
Product,Labor Time (Approx.),Reasonable Price (Authentic),Why this price?
Kasavu Saree,40 – 120 Hours,"₹4,500 – ₹30,000","Balaramapuram handloom. Price jumps significantly for Pure Zari (gold-coated silver) vs. ""Tested Zari."" A full-gold Kudampuli design can take 2 weeks to weave."
Coir Handicrafts,8 – 20 Hours,"₹650 – ₹3,500","Includes the ""retting"" of coconut husks. Hand-spinning the yarn and weaving intricate door mats or figurines requires high manual dexterity."
Nettur Petti,60 – 150 Hours,"₹8,500 – ₹25,000",A geometric jewel box made of Rosewood or Mahogany with intricate brass fittings. Each joint is traditionally hand-fitted without modern nails.
Bell Metal Lamps,30 – 100 Hours,"₹2,800 – ₹45,000","Made in Mannar using a secret copper-tin alloy. Large Nilavilakku (floor lamps) are priced by weight (approx. ₹1,200 – ₹2,500 per kg)."
Kathakali Masks,20 – 50 Hours,"₹1,500 – ₹8,500",Authentic masks are carved from Kumizhu (White Teak) wood and hand-painted with natural mineral pigments to match the stage characters.
Handwoven Mats,12 – 24 Hours,"₹450 – ₹1,800","Made from Kora grass or screwpine. The fine weave provides natural insulation, keeping the surface cool even in humid 35°C weather."
,,,
Madhya Pradesh,,,
Product,Labor Time (Approx.),Reasonable Price (Authentic),Why this price?
Gond Art Frame,40 – 120 Hours,"₹4,500 – ₹35,000","Every inch is filled with dots and dashes (avoiding ""lifeless"" space). High-end canvas pieces by master artists can exceed ₹50,000."
Chanderi Saree,60 – 150 Hours,"₹8,500 – ₹25,000","Woven with a mix of silk and cotton. The ""shimmer"" comes from the unique weaving process; intricate ""Butti"" (motifs) add weeks to the labor."
Maheshwari Saree,40 – 80 Hours,"₹4,000 – ₹12,000",Famous for the reversible border. The high thread count and the precision required to make it wearable inside-out dictate the cost.
Tribal Silver Jewelry,20 – 50 Hours,"₹12,000 – ₹60,000","Priced by weight + labor. In 2026, silver volatility is high. Authentic heavy sets (Hasli or Kada) are valued for their spiritual ""jingling"" protection."
Wooden Toys,8 – 15 Hours,"₹450 – ₹2,500",Made in Budhni/Gwalior using wooden joints instead of glue. The labor involves precision carving so the parts fit together perfectly for generations.
Tribal Paintings (Bhil/Pithora),30 – 100 Hours,"₹3,500 – ₹18,000","These ""visual languages"" use ritualistic symbols. The price covers the preparation of the base (traditionally mud/clay) and the dense narrative storytelling."
,,,
Maharashtra,,,
Product,Labor Time (Approx.),Reasonable Price (Authentic),Why this price?
Paithani Saree,150 – 450 Hours,"₹25,000 – ₹2,50,000","A ""Maharani"" Paithani uses pure silk and real silver/gold zari. The price is driven by the density of the Muniyas (parrot motifs) and the hand-woven silk."
Warli Art Frame,12 – 40 Hours,"₹1,500 – ₹8,500","Authentic Warli is painted with rice paste on a cow dung/mud base. Price depends on the complexity of the ""community"" dance scenes (Tarpa dance)."
Kolhapuri Jewelry,20 – 50 Hours,"₹15,000 – ₹55,000","For silver Saaj or Thushi. In 2026, silver rates are approx. ₹260/gram. Price = Silver Weight + 25% making charges for the ""bone-strengthening"" heavy designs."
Sawantwadi Toys,10 – 20 Hours,"₹450 – ₹2,500","Made from Jamun or Ivory wood. The 2026 price reflects the use of natural lac dyes (non-toxic) and the ""Bhatukali"" (miniature kitchen set) craftsmanship."
Handloom Cotton,30 – 50 Hours,"₹1,200 – ₹3,500","Includes Khun fabric or Puneri cotton. The ""sweat-absorbing"" quality comes from the high thread count and the lack of synthetic blends."
Warli Wall Art,2 – 5 Days,₹250 – ₹500 / sq ft,"For large-scale murals. In 2026, many homes use this as a ""ritualistic"" accent. The price covers the artisan's travel and the preparation of natural pigments."
,,,
Manipur,,,
Product,Labor Time (Approx.),Reasonable Price (Authentic),Why this price?
Bamboo Decor,20 – 45 Hours,"₹2,500 – ₹7,500","Uses indigenous techniques (no nails). Pieces are joined with bamboo pegs (Pungjei) and cane splits, making them modular and highly durable."
Moirang Phee Saree,120 – 200 Hours,"₹6,500 – ₹22,000","Features the Pheejin (temple) motif, representing the fangs of the serpent god Pakhangba. Woven on a fly-shuttle or throw-shuttle loom with extreme care."
Bead Jewellery,10 – 25 Hours,"₹1,200 – ₹5,500","Tribal beads (Tangkhul/Kabui) indicate lineage and clan. Authentic pieces use glass, shell, and seeds; 2026 prices reflect the rarity of specific ""heirloom"" beads."
Handwoven Textiles,80 – 150 Hours,"₹3,200 – ₹8,500","Woven on Loin Looms (Backstrap looms) while sitting on the floor. This provides high tension, creating a dense, ""stiff"" fabric that lasts for decades."
Bamboo Toys,5 – 12 Hours,"₹450 – ₹1,500","Includes toy water-pumps (Pishkari) and floating figurines. Natural bamboo is hollow and buoyant, designed specifically for children to use near the valley's many ponds."
Traditional Patterns,N/A,Premium +30%,"Patterns like Hijamayang (boat-like) or Namthang-khut-hut were historically reserved for royalty. Buying these requires a premium for the complex ""extra-weft"" work."
,,,
Meghalaya,,,
Product,Labor Time (Approx.),Reasonable Price (Authentic),Why this price?
Khoh (Cane Basket),30 – 50 Hours,"₹1,800 – ₹4,500","Engineered for the ""Forehead Balance."" The cane is split into varying thicknesses to distribute weight precisely along the center of gravity."
Handloom Cotton Saree,80 – 120 Hours,"₹5,500 – ₹12,000","Woven with a ""Breathable Tension."" The loose weave allows air to circulate, drying the fabric in minutes during monsoon humidity."
Tribal Bead Jewelry,12 – 30 Hours,"₹2,500 – ₹18,000","Uses Paila (coral/gold) or rare forest seeds. In 2026, heirlooms featuring seeds from extinct trees are valued as priceless museum-grade items."
Khasi Cloud Fabric,100 – 180 Hours,"₹4,200 – ₹9,500",Patterns like the Jainkyrpung use shifting gradient stripes that mimic moving clouds (Lyoh). Weaving these requires constant manual adjustment of the warp.
Multipurpose Toys,10 – 20 Hours,"₹800 – ₹3,000","Often made from bamboo/wood. A ""toy"" boat might double as a measure for grain, or a wooden doll might be designed to act as a pestle or handle."
Ritual Craft Decor,Varies,"₹15,000 – ₹60,000",Items like the Kram (Garo sacred drum). Traditionally not for sale; 2026 commercial versions are commissioned works that take months.
Mizoram,,,
Product,Labor Time (Approx.),Reasonable Price (Authentic),Why this price?
Silent Bamboo Baskets,25 – 45 Hours,"₹1,200  ₹3,800","Woven with Rawnnal or Rawthing bamboo. The ""silent"" design avoids clicking joints and loose fibers, requiring a specialized tension-weave technique."
Puan Wrap (Puanchei),150 – 300 Hours,"₹6,500 – ₹45,000","The most festive Puan. The color stripes and ""life milestone"" patterns require three separate panels to be hand-stitched together into one masterpiece."
Heirloom Bead Jewelry,15 – 40 Hours,"₹2,500 – ₹25,000","Authentic Thihna (amber) or Pumtek (opalized wood). In 2026, these are priced by the age of the beads and the metal (often silver or brass) spacers."
Handwoven Shawls,80 – 140 Hours,"₹3,500 – ₹12,000","High-altitude villages (like those near Champhai) weave denser, heavier patterns to block mountain winds. The price reflects the thread density and warmth."
"Bamboo ""Safety"" Toys",5 – 10 Hours,"₹350 – ₹1,200","Designed to snap or give way under too much pressure. This ""controlled force"" teaching tool requires precise thinning of bamboo strips to ensure a clean break."
Marital Weaves (Puon Pie),100 – 180 Hours,"₹12,000 – ₹35,000","A heavy, quilt-like wrap (Puon Pie) that every woman traditionally brings to her husband’s house. Its thickness makes it a lifetime garment."
Nagaland,,,
Product,Labor Time (Approx.),Reasonable Price (Authentic),Why this price?
Traditional Naga Shawl,60 – 150 Hours,"₹3,500 – ₹18,000","Woven in three separate panels. Price depends on ""Social Honor"" motifs (e.g., Amih or Tsungkotepsu) and whether it uses real wool or cotton."
Naga Wood Carvings,40 – 100 Hours,"₹6,000 – ₹25,000","Traditionally carved from a single log using an adze or Dao. Prices vary by size and the complexity of the ""Mithun"" or headhunter motifs."
Heirloom Bead Jewelry,12 – 40 Hours,"₹2,800 – ₹65,000+","Modern sets are affordable, but Antique/Vintage beads (200+ years old) are priced as rare collectibles. Shell and glass bead quality dictates the cost."
Handwoven Tribal Fabric,80 – 120 Hours,"₹4,500 – ₹12,000","Woven on backstrap looms. The price reflects the symbolic color coding (Red for war/blood, White for peace) and the density of the weave."
Wooden Tribal Masks,20 – 50 Hours,"₹1,800 – ₹8,500","Hand-carved and often finished with natural terracotta or black pigments. These are ritualistic ""spirit-scaring"" faces, not just decorative art."
Ritual Wood Toys,8 – 20 Hours,"₹650 – ₹2,200","Carved from recycled ritual wood (like old Morung pillars). The ""soul"" of the wood is preserved, making these toys sustainable and sacred."
Odisha,,,
Product,Labor Time (Approx.),Reasonable Price (Authentic),Why this price?
Pattachitra Art Frame,50 – 150 Hours,"₹3,500 – ₹45,000","The ""canvas"" (Patti) is made of 2-3 layers of old cotton cloth bonded with tamarind seed glue and chalk. It is hand-rubbed with stones for days to achieve a leather-like finish."
Sambalpuri Saree,120 – 300 Hours,"₹4,500 – ₹35,000","Uses the Baandha (tie-dye) technique. In 2026, authentic handloom pieces are priced by the thread count and the complexity of the ""extra-weft"" motifs like shells and fish."
Silver Filigree (Tarakashi),20 – 80 Hours,"₹2,500 – ₹50,000+","Made by twisting hair-thin silver wires. Since silver prices are volatile in 2026, price = Silver Weight (approx. ₹270/10g) + high ""making charges"" for the intricate lace-work."
Ikat Fabric (Bandha),40 – 100 Hours,"₹800 – ₹2,500 (per mtr)","The ""blurry"" edges are a mark of authenticity. It proves the yarn was dyed before weaving. In 2026, a ""sharp"" edge usually indicates a cheap screen print."
Wooden Toys (Bargarh),8 – 15 Hours,"₹450 – ₹1,800","Shaped on hand-powered lathes. The 2026 trend for ""plastic-free childhoods"" has made these highly valuable as they use non-toxic vegetable dyes."
Palm-Leaf Engravings,30 – 100 Hours,"₹1,200 – ₹8,500","Known as Talapatrachitra. Artisans use an iron stylus to scratch the leaf and then rub bean-leaf juice or charcoal to ""reveal"" the text or image."
,,,
Punjab,,,
Product,Labor Time (Approx.),Reasonable Price (Authentic),Why this price?
Phulkari Wall Art,150 – 400 Hours,"₹6,500 – ₹35,000","Authentic ""Bagh"" (Garden) style covers the entire cloth with silk thread. The labor is intense because it's embroidered from the back of the fabric without tracing."
Phulkari Saree,120 – 250 Hours,"₹5,500 – ₹15,500",Woven on high-quality fabrics like Chinon or Chiffon. The price reflects the dense hand-embroidery where symmetry is intentionally avoided to show the artisan's unique hand.
Phulkari Dupatta,40 – 120 Hours,"₹1,200 – ₹6,500","A ""heavy"" bridal dupatta takes months to finish. Prices start low for sparse floral motifs (Butti) but climb for fully-covered wedding heirlooms."
Silver Jewelry,20 – 60 Hours,"₹15,000 – ₹75,000","Massive pieces like the Saggi Phul (headpiece) or heavy Pajeb (anklets). Price = Silver Weight (approx. ₹1,05,000/kg in 2026) + high making charges."
Musical Wooden Toys,10 – 25 Hours,"₹650 – ₹3,200",These toys often double as rattles or whistles (Seeti). The price covers the hollow-wood carving required to produce sound without using metal parts.
Folk Embroidery Samplers,50 – 100 Hours,"₹3,000 – ₹12,000","These are not commercial; they are ""story panels"" (Sainchi Phulkari) showing rural life—people, animals, and jewelry—embroidered with personal narratives."
Rajasthan,,,
Product,Labor Time (Approx.),Reasonable Price (Authentic),Why this price?
Blue Pottery Decor,20 – 60 Hours,"₹650 – ₹8,500","No clay used. Made from a mix of quartz stone powder, glass, and Multani Mitti. The price reflects the risk; because quartz doesn't shrink, it often cracks during firing."
Bandhani Saree,"300 – 1,000 Hours","₹8,500 – ₹85,000+","A single saree can have up to 50,000 tiny knots tied by hand before dyeing. Prices in 2026 depend on the ""fineness"" of the dots (Ghar Chola or Jhankaar styles)."
Kundan Jewellery,40 – 150 Hours,"₹25,000 – ₹5,00,000+","Pressure-set, no glue. Pure 24k gold foil (Kundan) is pressed around gemstones using only manual pressure to create a molecular bond. Price = Gold/Stone value + 30% labor."
Block-Print Fabric,15 – 40 Hours,"₹150 – ₹1,500 / mtr",Teak wood blocks are soaked in oil for 10-15 days to prevent warping and ensure even ink absorption. Authentic Sanganeri or Bagru prints use only natural vegetable dyes.
Wooden Puppets,12 – 25 Hours,"₹150 – ₹1,200 (pair)","Carved from light Ardu wood. The ""minimal string"" design (usually just two) relies on the puppeteer's finger dexterity to simulate complex human movements."
Puppet Story Sets,Varies,"₹2,500 – ₹12,000","A full Kathputli set for performances. In 2026, these include the ""Musician Set"" of 5-10 puppets, reflecting a tradition where the script is improvised based on the crowd."
,,,
Sikkim,,,
Product,Labor Time (Approx.),Reasonable Price (Authentic),Why this price?
Thangka Paintings,"300 – 1,000 Hours","₹15,000 – ₹1,50,000",Painted using natural pigments and gold dust. The artist must follow strict iconometric rules and often meditate while painting.
Traditional Silver Jewelry,25 – 60 Hours,"₹5,000 – ₹35,000",Features symbols like the Ashtamangala (8 auspicious signs). Price is silver weight + 30-40% making charges for high-relief engraving.
Sikkimese Wool Fabric,40 – 90 Hours,"₹2,500 – ₹8,500","Hand-spun and vegetable-dyed. Specifically woven to retain heat even in the damp, freezing fog of the high Himalayas."
Handloom Saree (Sikkim Silk),60 – 120 Hours,"₹8,000 – ₹22,000",Rare and ritualistic. These are heavier than mainland silks and often feature the Dorjee (thunderbolt) motif.
Wooden Monastery Toys,12 – 30 Hours,"₹800 – ₹4,500","Modeled after Buddhist monks or ritual items like the Choktse (carved table), rather than the common animal toys found elsewhere."
,,,
Tamil Nadu,,,
Product,Labor Time (Approx.),Reasonable Price (Authentic),Why this price?
Bronze Idols (Lost-Wax),200 – 800 Hours,"₹15,000 – ₹5,00,000+","The mould is broken after one use, making every idol unique. Prices for high-copper bronze are roughly ₹3,500 per kg."
Kanchipuram Silk Saree,150 – 400 Hours,"₹18,000 – ₹2,50,000","Famous for the Korvai join—the border and body are woven separately and ""locked"" together. Real gold zari sarees start at ₹45k+."
Temple Jewellery,40 – 120 Hours,"₹25,000 – ₹3,00,000","Made with silver dipped in 24k gold, set with unpolished rubies (Kemp stones). Authentic pieces are heavy and feature ""god"" motifs."
Neem Wood Toys,10 – 25 Hours,"₹450 – ₹3,200","Carved from Neem wood, which is naturally anti-bacterial and pest-resistant. This makes them the safest traditional toys for children."
Handloom Silk Fabric,Varies,"₹1,200 – ₹3,500 / mtr","The yarn is ""yarn-dyed"" (dyed before weaving), ensuring the color penetrates the core of the silk, unlike cheaper ""piece-dyed"" fabrics."
,,,
,,,
Telangana,,,
Product,Labor Time (Approx.),Reasonable Price (Authentic),Why this price?
Nirmal Art Frames,40 – 100 Hours,"₹3,500 – ₹18,000","Uses natural lacquers. The ""gold"" look in Nirmal paintings is actually a chemical reaction involving herbal juices and local minerals."
Pochampally Ikat Saree,80 – 180 Hours,"₹9,000 – ₹45,000","Known as ""Geometric Ikat."" The pattern is calculated mathematically and tied onto the yarn before it ever touches the loom."
Lac Bangles,2 – 5 Hours,"₹450 – ₹2,500 (Set)","Hand-moulded over a coal fire. In 2026, Hyderabad's Laad Bazaar offers ""custom-fitting"" where the artisan heats the bangle to fit your wrist perfectly."
Cheriyal Scrolls,60 – 250 Hours,"₹5,000 – ₹85,000","Painted on Khadi cloth using a mix of white mud, gum, and tamarind seeds. These were the ""movies"" of ancient Telangana, used for storytelling."
Nirmal Wooden Toys,12 – 35 Hours,"₹550 – ₹4,500",Made from Punki wood (lightweight sawdust and wood mix). They are treated with a herbal paste that makes them naturally termite-proof.
,,,
Tripura,,,
Product,Labor Time (Approx.),Reasonable Price (Authentic),Why this price?
Bamboo Decor (Joinery),20 – 50 Hours,"₹1,200 – ₹6,500",Uses natural joinery (pegs and slots) instead of nails. The price reflects the time taken to treat bamboo against borers and hand-sand it.
Tripura Cotton Saree,60 – 100 Hours,"₹2,800 – ₹7,500",Woven on loin looms or pit looms within tribal households. Features the Rignai and Risaku patterns that denote specific tribal lineages.
Tribal Bead Jewelry,12 – 25 Hours,"₹800 – ₹3,500","Made from a mix of glass beads, coins, and forest seeds. These are ""identity pieces"" used in the Garia and Mamita folk dances."
Handwoven Fabric (Pachra),Varies,"₹850 – ₹2,200 / mtr","Extremely dense weave. Each tribe (Reang, Chakma, Tripura) has its own color palette, making these unique cultural identifiers."
Bamboo Balance Toys,6 – 12 Hours,"₹350 – ₹1,200","Designed for ""Kinesthetic Learning."" These toys help children develop hand-eye coordination and balance without the use of plastics."
,,,
Uttar Pradesh,,,
Product,Labor Time (Approx.),Reasonable Price (Authentic),Why this price?
Banarasi Silk Saree,150 – 500 Hours,"₹22,000 – ₹2,50,000","A real Katan silk saree with pure silver/gold zari is an investment. In 2026, authentic wedding Banarasis start at ₹35k."
Chikankari Fabric,200 – 600 Hours,"₹4,500 – ₹55,000","Involves 36 different types of stitches. The price reflects the ""Shadow Work"" (Bakhiya) and the fineness of the muslin/georgette base."
Brass Decor (Moradabad),30 – 100 Hours,"₹1,500 – ₹12,000",Made using the Sand-Casting method. Prices follow the Brass Market rate (approx. ₹850/kg) + high artistry charges.
Zardozi Panels,80 – 250 Hours,"₹12,000 – ₹85,000","Heavy metallic embroidery. In 2026, these are used for high-end wall art and bridal wear, using real gold-wrapped thread."
Glass Bangles (Firozabad),5 – 10 Hours,"₹150 – ₹1,200 (Set)","Each bangle is hand-spun and joined over a furnace. Designer sets with ""Meena"" work or gold-foil inlay command higher prices."
,,,
Uttarakhand,,,
Product,Labor Time (Approx.),Reasonable Price (Authentic),Why this price?
Aipan Art Frame,15 – 40 Hours,"₹450 – ₹4,500",Traditionally done with red clay (Geru) and rice paste. Modern frames use weather-proof pigments to preserve sacred geometry.
Pahadi Wool Fabric,80 – 150 Hours,"₹1,500 – ₹8,500",Made from sheep wool or Angora. Woven specifically to block high-altitude wind while remaining breathable.
Pahadi Silver Jewelry,20 – 50 Hours,"₹5,000 – ₹45,000",Features the Nath (nose ring) or Guloband (choker). Priced by silver weight (approx. ₹1.1L/kg in 2026) + cultural labor.
Handloom Cotton Saree,40 – 80 Hours,"₹1,800 – ₹5,500","Simple, sturdy cotton weaves used by hill women. They are lightweight and durable for daily village activities."
Wooden Hill Toys,10 – 20 Hours,"₹250 – ₹1,800",Carved from local woods like Pine or Oak. They often depict mountain animals or miniature versions of farm tools.
,,,
West Bengal,,,
Product,Labor Time (Approx.),Reasonable Price (Authentic),Why this price?
Baluchari Saree,150 – 350 Hours,"₹12,000 – ₹45,000",Features scenes from the Ramayana or Mahabharata woven into the pallu. Every saree tells a unique mythological story.
Kantha Fabric,100 – 400 Hours,"₹2,500 – ₹25,000","Made using the ""Running Stitch."" Price depends on the density of the threadwork—a ""full-body"" Kantha dupatta can take 3 months."
Terracotta Decor,20 – 60 Hours,"₹450 – ₹8,500",Bankura clay art. The price reflects the slow sun-drying and natural kiln-firing process used for the famous Bankura Horse.
Shola Jewellery,10 – 30 Hours,"₹800 – ₹5,500",Carved from the core of the Shola (pith) plant. It is lighter than paper and used for bridal crowns (Topor) and deity ornaments.
Wooden Folk Toys,8 – 15 Hours,"₹150 – ₹1,500","Includes the iconic ""Bright Owls"" and ""King-Queen"" dolls. Hand-painted with vibrant natural colors in the Patachitra style."
,,,
Andaman and Nicobar Islands,,,
Product,Labor Time,Reasonable Price (Authentic),Why this price?
Shell Decor,10 – 30 Hours,"₹1,200 – ₹5,500",Includes mother-of-pearl lamps and wall hangings. Price depends on shell rarity and polishing depth.
Handloom Cotton Saree,40 – 80 Hours,"₹3,500 – ₹8,500",Woven specifically for coastal humidity; uses very high thread count for lightness and durability.
Shell Jewellery,5 – 15 Hours,"₹500 – ₹3,000","Made from naturally washed-up shells. ""Statement"" necklaces with rare cone shells command higher prices."
Woven Mats,15 – 40 Hours,"₹400 – ₹1,800",Hand-braided using local natural fibers. Valued for their cooling properties in tropical heat.
Wooden Padauk Toys,8 – 20 Hours,"₹500 – ₹3,000",Padauk wood is rare and red-hued. These toys are designed to withstand moisture and sea salt air.
,,,
Chandigarh,,,
Product,Labor Time,Reasonable Price (Authentic),Why this price?
Terracotta Decor,12 – 25 Hours,"₹800 – ₹4,200","Modernized Punjabi forms. In 2026, many pieces feature the ""Open Hand"" symbol or abstract geometric motifs."
Phulkari Fabric,50 – 200 Hours,"₹2,500 – ₹15,000","Authentic hand-embroidery. In Chandigarh, Phulkari is often applied to modern silhouettes like trench coats or stoles."
Minimal Silver Jewellery,15 – 35 Hours,"₹2,500 – ₹12,000","Sleek, contemporary designs that use less metal than traditional Punjabi sets but require more precise polishing."
Handloom Saree,40 – 100 Hours,"₹4,500 – ₹12,000",Typically blends cotton and silk. The Chandigarh aesthetic favors pastel shades and subtle borders.
Dadra and Nagar Haveli and Daman and Diu,,,
Category,Typical Labor,Reasonable Price (2026),Why this price?
Warli Art Items,12 – 40 Hours,"₹1,500 – ₹8,500","Authentic Warli is painted with rice paste on mud-plastered walls or cloth. Prices reflect the ""ritual narrative"" of the Tarpa dance or wedding circles."
Bamboo Decor,20 – 45 Hours,"₹850 – ₹4,500",Includes Chhabdi (storage baskets) and lamps. Uses mechanical joinery with bamboo slivers; high-quality pieces have zero visible glue or nails.
Tribal Jewelry,10 – 25 Hours,"₹1,200 – ₹5,500","Made by Kokna or Dhodia artisans using glass beads, seeds, and white metal. Authentic pieces are ""weight-heavy"" to signify social status."
Handloom Fabric,60 – 120 Hours,"₹1,200 – ₹3,500 / mtr","Tribal weaves are characterized by earthy tones (indigo, ochre) and high-breathability cotton, designed for the humid coastal heat."
Wooden Toys,8 – 20 Hours,"₹500 – ₹2,500","Often carved from Ardu or teak-wood. In Diu, you may find unique decorative items made from legally sourced tortoise/sea shells."
Leather Slippers,10 – 15 Hours,"₹800 – ₹2,200","A world-famous export from the region. These are hand-stitched and exceptionally durable, built for forest and rocky terrains."
Delhi,,,
Product,Labor Time,Reasonable Price (Authentic),Why this price?
Meenakari Jewellery,30 – 120 Hours,"₹15,000 – ₹2,50,000",Enamel work on gold or silver. Authentic Delhi Meenakari uses traditional furnaces and natural crushed-stone colors.
Zardozi Decor/Panels,80 – 300 Hours,"₹12,000 – ₹1,50,000",Heavy metallic embroidery (often with real gold-wrapped thread) on velvet or silk. Once only for royalty.
Mughal Silk Saree,150 – 400 Hours,"₹25,000 – ₹1,80,000",Known for dense floral Butis. Every saree is essentially a piece of historical narrative.
Traditional Wooden Toys,10 – 30 Hours,"₹650 – ₹4,500",Crafted in old city clusters. These are often miniature replicas of historical Mughal monuments or instruments.
,,,
Jammu and Kashmir,,,
Product,Labor Time,Reasonable Price (Authentic),Why this price?
Pashmina Saree,"400 – 1,000 Hours","₹85,000 – ₹3,50,000",Made from the undercoat of Changthangi goats. A pure hand-spun Pashmina saree is considered the pinnacle of luxury.
Papier-mache Decor,50 – 200 Hours,"₹1,500 – ₹45,000",Hand-painted with hair-thin brushes. Price varies by the gold-leaf content (Naqashi) and base smoothness.
Traditional Silver Set,40 – 100 Hours,"₹8,000 – ₹55,000","Features motifs like the Chinar leaf. These are heavy, oxidized pieces designed for mountain durability."
Pashmina Fabric,Varies,"₹8,000 – ₹25,000 (per mtr)","The ""soft gold."" In 2026, the price is dictated by the ""yarn count"" (fineness of the spin)."
,,,
Ladakh,,,
Product,Labor Time,Reasonable Price (Authentic),Why this price?
Thangka Art,200 – 800 Hours,"₹15,000 – ₹2,00,000",Sacred scrolls. Authentic Thangkas use 24k gold paint and require months of spiritual preparation by the artist.
Turquoise Silver Jewelry,20 – 60 Hours,"₹5,000 – ₹65,000","Features large turquoise and coral stones. In 2026, the stone quality and the ""heirloom"" weight determine the value."
Wool Fabric (Yak/Sheep),50 – 120 Hours,"₹2,500 – ₹9,500","Incredibly dense and insulating. Authentic Ladakh wool has a natural ""lanolin"" smell and is water-resistant."
Buddhist Ritual Items,Varies,"₹1,500 – ₹12,000",Includes prayer wheels and bells. Often made from bell metal or brass with hand-engraved mantras.
,,,
Lakshadweep,,,
Product,Labor Time (Approx.),Reasonable Price (Authentic),Why this price?
Coir Baskets/Mats,15 – 40 Hours,"₹450 – ₹3,500","Made from ""Golden Fiber"" (coconut husk). The labor involves retting the husk in sea water for months before weaving, making it naturally rot-resistant."
Kachi (Traditional Saree),60 – 120 Hours,"₹4,500 – ₹15,000","A rectangular unstitched wrap (often silk). The red silk Kachi with black borders is the festive standard, valued for its elegant simplicity and Islamic heritage."
Shell Jewellery,10 – 30 Hours,"₹500 – ₹5,500","Uses conchs and cowries. In 2026, authentic pieces are polished using traditional oils; if it looks like cheap plastic or lacks natural weight, it's a replica."
Coconut Shell Craft/Toys,8 – 20 Hours,"₹350 – ₹2,500","Shells are hand-carved into ladles, lamps, or toys. The price reflects the ""Mirror Finish""—achieved by sanding with local sand and polishing with coconut oil."
Lacquer Work,20 – 50 Hours,"₹1,200 – ₹6,500","Often applied to wooden items or toys. Uses natural resins to create a high-gloss, vibrant finish that is famously durable."
Fishbone Craft,40 – 100 Hours,"₹2,000 – ₹12,000",A rare art of transforming fish bones into delicate jewelry or decor. Highly labor-intensive due to the cleaning and fragile nature of the material.
Puducherry,,,
Category,Typical Labor,Reasonable Price (Authentic),Why this price?
Papier Mâché Decor,30 – 100 Hours,"₹800 – ₹12,000",Uses a centuries-old French technique. High-end pieces are finished with a marble-like smoothness and hand-painted in muted pastel or vibrant ritual tones.
Handloom Cotton Saree,40 – 90 Hours,"₹2,800 – ₹9,500","Known for their soft, high-thread-count cotton. The ""Auroville"" influence has introduced contemporary geometric borders to traditional weaves."
Minimalist Jewelry,15 – 40 Hours,"₹1,500 – ₹8,500","Often features matte-finished silver, terra-cotta, or leather. The focus is on clean lines and ""wearability"" rather than heavy gold."
Indo-French Textiles,Varies,"₹650 – ₹2,200 / mtr","A mix of organic cotton and linen. Often dyed using natural indigo or madder, reflecting the region's history as a French textile export hub."
Handcrafted Wooden Toys,12 – 30 Hours,"₹450 – ₹3,200","Typically made from Vagai or Teak. They feature a ""buffed"" smooth finish rather than the glossy lacquer seen in other states."